"q","AIC","N","CPT_Plus","CPT_Minus","Gap"
0,431.93,244,-0.00261,0.006756,-0.009366
1,434.83,244,0.001363,0.001441,-7.8e-05
2,435.92,244,0.012974,-0.001721,0.011253
3,438.79,244,0.019258,0.00058,0.018678
