"Check","N","CPT_pos","CPT_neg","Asym_p"
"NOPI (Hamilton)",234,-0.000441,0.015978,0.4824
"Post-2011 subsample",156,0.017252,-0.003158,0.2225
"Pre-Oct 2014",122,0.017322,0.009873,0.846
"Post-Oct 2014",123,0.010245,-0.002002,0.4431
"No COVID dummy",245,0.020582,0.001737,0.2673
"Winsorized (1%)",245,0.017796,0.000885,0.2944
"M1 baseline (headline)",245,0.021296,0.000598,0.2408
