"Model","N","AIC","Adj_R2","CPT_pos","CPT_neg","CPTpos_p","Asym_p"
"M0: Symmetric ADL",247,441.1,0.4363,0.002843,NA,0.5782,NA
"M1: Asym INR (benchmark)",245,440.77,0.4492,0.021296,0.000598,0.122,0.2408
"M2: Brent+EXR (primary)",245,438.79,0.4575,0.027458,-0.002116,0.0933,0.1443
"M3: Interaction (post-dereg)",245,445.06,0.4511,-0.007837,0.006385,0.6024,0.4532
